timestamp_ms,serving_rsrp,neighbor_rsrp,active_rsrp,active_pci,ho_trigger,ho_complete
0.00,-83.44,-110.31,-83.44,1,0,0
100.00,-82.93,-110.45,-82.93,1,0,0
200.00,-81.77,-107.51,-81.77,1,0,0
300.00,-81.29,-111.51,-81.29,1,0,0
400.00,-82.39,-110.87,-82.39,1,0,0
500.00,-82.01,-110.28,-82.01,1,0,0
600.00,-81.33,-108.69,-81.33,1,0,0
700.00,-84.62,-112.46,-84.62,1,0,0
800.00,-79.13,-110.48,-79.13,1,0,0
900.00,-83.18,-109.19,-83.18,1,0,0
1000.00,-81.17,-113.97,-81.17,1,0,0
1100.00,-82.53,-108.66,-82.53,1,0,0
1200.00,-81.96,-109.03,-81.96,1,0,0
1300.00,-81.81,-108.25,-81.81,1,0,0
1400.00,-81.85,-106.69,-81.85,1,0,0
1500.00,-82.76,-109.82,-82.76,1,0,0
1600.00,-84.17,-108.37,-84.17,1,0,0
1700.00,-82.16,-108.30,-82.16,1,0,0
1800.00,-79.82,-109.94,-79.82,1,0,0
1900.00,-80.56,-108.81,-80.56,1,0,0
2000.00,-81.38,-109.29,-81.38,1,0,0
2100.00,-83.14,-109.45,-83.14,1,0,0
2200.00,-81.98,-112.28,-81.98,1,0,0
2300.00,-82.52,-110.80,-82.52,1,0,0
2400.00,-79.46,-109.25,-79.46,1,0,0
2500.00,-79.92,-110.28,-79.92,1,0,0
2600.00,-83.14,-109.63,-83.14,1,0,0
2700.00,-81.68,-108.69,-81.68,1,0,0
2800.00,-82.52,-109.98,-82.52,1,0,0
2900.00,-84.65,-112.55,-84.65,1,0,0
3000.00,-82.59,-107.93,-82.59,1,0,0
3100.00,-81.51,-113.21,-81.51,1,0,0
3200.00,-80.76,-109.30,-80.76,1,0,0
3300.00,-79.69,-109.29,-79.69,1,0,0
3400.00,-81.96,-111.64,-81.96,1,0,0
3500.00,-79.56,-109.62,-79.56,1,0,0
3600.00,-83.04,-111.14,-83.04,1,0,0
3700.00,-81.44,-111.35,-81.44,1,0,0
3800.00,-82.42,-110.92,-82.42,1,0,0
3900.00,-82.50,-109.23,-82.50,1,0,0
4000.00,-79.99,-109.41,-79.99,1,0,0
4100.00,-83.24,-109.05,-83.24,1,0,0
4200.00,-80.55,-110.15,-80.55,1,0,0
4300.00,-83.37,-112.45,-83.37,1,0,0
4400.00,-83.31,-107.77,-83.31,1,0,0
4500.00,-82.39,-111.96,-82.39,1,0,0
4600.00,-84.81,-110.23,-84.81,1,0,0
4700.00,-82.50,-110.88,-82.50,1,0,0
4800.00,-80.64,-110.73,-80.64,1,0,0
4900.00,-83.93,-111.32,-83.93,1,0,0
5000.00,-82.04,-112.04,-82.04,1,0,0
5100.00,-81.13,-111.75,-81.13,1,0,0
5200.00,-82.30,-110.03,-82.30,1,0,0
5300.00,-82.60,-110.95,-82.60,1,0,0
5400.00,-82.73,-110.38,-82.73,1,0,0
5500.00,-79.93,-111.97,-79.93,1,0,0
5600.00,-82.81,-108.23,-82.81,1,0,0
5700.00,-82.00,-108.51,-82.00,1,0,0
5800.00,-83.12,-111.16,-83.12,1,0,0
5900.00,-81.94,-108.70,-81.94,1,0,0
6000.00,-81.20,-110.65,-81.20,1,0,0
6100.00,-81.77,-109.81,-81.77,1,0,0
6200.00,-80.81,-107.94,-80.81,1,0,0
6300.00,-80.99,-109.54,-80.99,1,0,0
6400.00,-81.08,-109.52,-81.08,1,0,0
6500.00,-81.76,-107.46,-81.76,1,0,0
6600.00,-83.37,-109.66,-83.37,1,0,0
6700.00,-82.58,-110.42,-82.58,1,0,0
6800.00,-82.23,-109.07,-82.23,1,0,0
6900.00,-82.43,-109.97,-82.43,1,0,0
7000.00,-81.64,-110.35,-81.64,1,0,0
7100.00,-80.45,-110.78,-80.45,1,0,0
7200.00,-82.06,-109.70,-82.06,1,0,0
7300.00,-81.23,-113.03,-81.23,1,0,0
7400.00,-80.18,-109.16,-80.18,1,0,0
7500.00,-79.85,-107.98,-79.85,1,0,0
7600.00,-82.00,-112.18,-82.00,1,0,0
7700.00,-80.24,-108.94,-80.24,1,0,0
7800.00,-84.04,-109.80,-84.04,1,0,0
7900.00,-80.18,-108.81,-80.18,1,0,0
8000.00,-81.96,-110.18,-81.96,1,0,0
8100.00,-80.25,-107.16,-80.25,1,0,0
8200.00,-82.07,-108.22,-82.07,1,0,0
8300.00,-81.11,-109.47,-81.11,1,0,0
8400.00,-81.52,-110.98,-81.52,1,0,0
8500.00,-79.71,-109.78,-79.71,1,0,0
8600.00,-82.71,-109.92,-82.71,1,0,0
8700.00,-81.75,-109.32,-81.75,1,0,0
8800.00,-81.48,-109.22,-81.48,1,0,0
8900.00,-80.72,-110.55,-80.72,1,0,0
9000.00,-82.91,-109.86,-82.91,1,0,0
9100.00,-82.92,-110.28,-82.92,1,0,0
9200.00,-80.09,-112.42,-80.09,1,0,0
9300.00,-80.29,-109.56,-80.29,1,0,0
9400.00,-83.21,-109.96,-83.21,1,0,0
9500.00,-83.90,-112.28,-83.90,1,0,0
9600.00,-82.54,-112.47,-82.54,1,0,0
9700.00,-82.99,-107.18,-82.99,1,0,0
9800.00,-79.11,-109.70,-79.11,1,0,0
9900.00,-81.51,-109.76,-81.51,1,0,0
10000.00,-81.86,-108.15,-81.86,1,0,0
10100.00,-80.97,-110.18,-80.97,1,0,0
10200.00,-79.74,-108.96,-79.74,1,0,0
10300.00,-81.27,-108.80,-81.27,1,0,0
10400.00,-81.05,-107.90,-81.05,1,0,0
10500.00,-81.64,-110.42,-81.64,1,0,0
10600.00,-82.79,-108.44,-82.79,1,0,0
10700.00,-82.85,-108.62,-82.85,1,0,0
10800.00,-83.35,-109.24,-83.35,1,0,0
10900.00,-81.70,-110.56,-81.70,1,0,0
11000.00,-83.57,-109.16,-83.57,1,0,0
11100.00,-80.74,-107.78,-80.74,1,0,0
11200.00,-82.44,-109.81,-82.44,1,0,0
11300.00,-82.38,-110.78,-82.38,1,0,0
11400.00,-80.95,-108.38,-80.95,1,0,0
11500.00,-82.92,-107.19,-82.92,1,0,0
11600.00,-80.44,-107.41,-80.44,1,0,0
11700.00,-83.16,-109.16,-83.16,1,0,0
11800.00,-84.16,-109.74,-84.16,1,0,0
11900.00,-83.68,-110.76,-83.68,1,0,0
12000.00,-82.44,-109.10,-82.44,1,0,0
12100.00,-83.32,-109.25,-83.32,1,0,0
12200.00,-84.90,-106.55,-84.90,1,0,0
12300.00,-82.72,-107.47,-82.72,1,0,0
12400.00,-85.67,-109.72,-85.67,1,0,0
12500.00,-85.18,-108.08,-85.18,1,0,0
12600.00,-85.62,-108.68,-85.62,1,0,0
12700.00,-84.78,-109.23,-84.78,1,0,0
12800.00,-83.04,-105.17,-83.04,1,0,0
12900.00,-84.44,-107.75,-84.44,1,0,0
13000.00,-83.35,-108.63,-83.35,1,0,0
13100.00,-85.98,-108.95,-85.98,1,0,0
13200.00,-83.83,-106.58,-83.83,1,0,0
13300.00,-81.37,-107.09,-81.37,1,0,0
13400.00,-85.05,-107.37,-85.05,1,0,0
13500.00,-84.22,-108.33,-84.22,1,0,0
13600.00,-86.92,-106.98,-86.92,1,0,0
13700.00,-86.27,-107.53,-86.27,1,0,0
13800.00,-87.35,-106.62,-87.35,1,0,0
13900.00,-85.01,-105.91,-85.01,1,0,0
14000.00,-84.44,-106.61,-84.44,1,0,0
14100.00,-86.39,-106.22,-86.39,1,0,0
14200.00,-84.84,-105.35,-84.84,1,0,0
14300.00,-87.98,-105.39,-87.98,1,0,0
14400.00,-85.31,-105.42,-85.31,1,0,0
14500.00,-85.76,-103.42,-85.76,1,0,0
14600.00,-86.99,-105.30,-86.99,1,0,0
14700.00,-86.59,-106.12,-86.59,1,0,0
14800.00,-84.35,-105.85,-84.35,1,0,0
14900.00,-88.14,-106.23,-88.14,1,0,0
15000.00,-85.60,-105.90,-85.60,1,0,0
15100.00,-85.68,-106.20,-85.68,1,0,0
15200.00,-85.03,-104.66,-85.03,1,0,0
15300.00,-87.67,-105.16,-87.67,1,0,0
15400.00,-87.85,-105.59,-87.85,1,0,0
15500.00,-88.01,-105.67,-88.01,1,0,0
15600.00,-88.86,-106.74,-88.86,1,0,0
15700.00,-85.80,-104.41,-85.80,1,0,0
15800.00,-87.21,-104.29,-87.21,1,0,0
15900.00,-87.56,-105.22,-87.56,1,0,0
16000.00,-86.69,-104.21,-86.69,1,0,0
16100.00,-90.52,-103.67,-90.52,1,0,0
16200.00,-87.62,-104.02,-87.62,1,0,0
16300.00,-88.38,-103.23,-88.38,1,0,0
16400.00,-89.62,-105.16,-89.62,1,0,0
16500.00,-87.79,-103.77,-87.79,1,0,0
16600.00,-87.94,-104.23,-87.94,1,0,0
16700.00,-87.15,-105.68,-87.15,1,0,0
16800.00,-87.69,-103.63,-87.69,1,0,0
16900.00,-87.74,-101.53,-87.74,1,0,0
17000.00,-89.68,-104.84,-89.68,1,0,0
17100.00,-88.57,-103.49,-88.57,1,0,0
17200.00,-86.87,-103.01,-86.87,1,0,0
17300.00,-86.65,-102.86,-86.65,1,0,0
17400.00,-88.97,-103.06,-88.97,1,0,0
17500.00,-88.59,-103.82,-88.59,1,0,0
17600.00,-88.27,-100.38,-88.27,1,0,0
17700.00,-90.50,-103.43,-90.50,1,0,0
17800.00,-89.97,-102.65,-89.97,1,0,0
17900.00,-91.98,-102.70,-91.98,1,0,0
18000.00,-89.49,-101.36,-89.49,1,0,0
18100.00,-88.16,-102.95,-88.16,1,0,0
18200.00,-89.64,-102.50,-89.64,1,0,0
18300.00,-90.72,-102.80,-90.72,1,0,0
18400.00,-87.82,-101.56,-87.82,1,0,0
18500.00,-87.26,-102.96,-87.26,1,0,0
18600.00,-89.07,-99.48,-89.07,1,0,0
18700.00,-89.80,-103.44,-89.80,1,0,0
18800.00,-91.22,-101.78,-91.22,1,0,0
18900.00,-89.55,-102.40,-89.55,1,0,0
19000.00,-88.98,-102.84,-88.98,1,0,0
19100.00,-91.45,-105.05,-91.45,1,0,0
19200.00,-90.42,-100.75,-90.42,1,0,0
19300.00,-90.25,-100.70,-90.25,1,0,0
19400.00,-91.05,-99.77,-91.05,1,0,0
19500.00,-91.20,-101.81,-91.20,1,0,0
19600.00,-90.18,-104.50,-90.18,1,0,0
19700.00,-93.70,-101.33,-93.70,1,0,0
19800.00,-90.87,-101.62,-90.87,1,0,0
19900.00,-89.09,-102.37,-89.09,1,0,0
20000.00,-89.89,-100.66,-89.89,1,0,0
20100.00,-90.51,-100.37,-90.51,1,0,0
20200.00,-92.62,-100.39,-92.62,1,0,0
20300.00,-89.64,-101.50,-89.64,1,0,0
20400.00,-93.73,-99.59,-93.73,1,0,0
20500.00,-92.83,-98.72,-92.83,1,0,0
20600.00,-93.30,-102.08,-93.30,1,0,0
20700.00,-93.72,-102.56,-93.72,1,0,0
20800.00,-91.04,-99.62,-91.04,1,0,0
20900.00,-92.15,-100.13,-92.15,1,0,0
21000.00,-90.54,-102.87,-90.54,1,0,0
21100.00,-92.73,-102.20,-92.73,1,0,0
21200.00,-92.25,-101.77,-92.25,1,0,0
21300.00,-91.87,-101.37,-91.87,1,0,0
21400.00,-92.05,-100.35,-92.05,1,0,0
21500.00,-92.80,-100.25,-92.80,1,0,0
21600.00,-92.41,-98.55,-92.41,1,0,0
21700.00,-91.79,-99.81,-91.79,1,0,0
21800.00,-91.65,-98.00,-91.65,1,0,0
21900.00,-95.35,-100.17,-95.35,1,0,0
22000.00,-94.66,-98.47,-94.66,1,0,0
22100.00,-93.06,-99.28,-93.06,1,0,0
22200.00,-93.73,-98.75,-93.73,1,0,0
22300.00,-92.07,-99.32,-92.07,1,0,0
22400.00,-94.82,-96.66,-94.82,1,0,0
22500.00,-92.55,-98.43,-92.55,1,0,0
22600.00,-91.50,-97.09,-91.50,1,0,0
22700.00,-94.50,-96.67,-94.50,1,0,0
22800.00,-93.92,-96.57,-93.92,1,0,0
22900.00,-93.02,-95.49,-93.02,1,0,0
23000.00,-92.50,-98.76,-92.50,1,0,0
23100.00,-90.71,-98.86,-90.71,1,0,0
23200.00,-94.06,-97.76,-94.06,1,0,0
23300.00,-95.41,-97.08,-95.41,1,0,0
23400.00,-95.11,-98.85,-95.11,1,0,0
23500.00,-94.81,-98.35,-94.81,1,0,0
23600.00,-96.51,-96.72,-96.51,1,0,0
23700.00,-96.83,-99.16,-96.83,1,0,0
23800.00,-92.90,-98.12,-92.90,1,0,0
23900.00,-94.67,-98.08,-94.67,1,0,0
24000.00,-94.39,-97.06,-94.39,1,0,0
24100.00,-96.56,-97.03,-96.56,1,0,0
24200.00,-95.57,-97.63,-95.57,1,0,0
24300.00,-94.41,-96.61,-94.41,1,0,0
24400.00,-94.31,-96.19,-94.31,1,0,0
24500.00,-96.05,-96.02,-96.05,1,0,0
24600.00,-96.42,-96.40,-96.42,1,0,0
24700.00,-96.02,-97.73,-96.02,1,0,0
24800.00,-94.04,-95.51,-94.04,1,0,0
24900.00,-95.52,-95.63,-95.52,1,0,0
25000.00,-97.50,-98.17,-97.50,1,0,0
25100.00,-97.13,-96.64,-97.13,1,0,0
25200.00,-95.50,-97.66,-95.50,1,0,0
25300.00,-93.71,-97.54,-93.71,1,0,0
25400.00,-93.70,-96.16,-93.70,1,0,0
25500.00,-96.33,-94.78,-96.33,1,0,0
25600.00,-95.40,-95.73,-95.40,1,0,0
25700.00,-95.93,-94.72,-95.93,1,0,0
25800.00,-96.52,-96.84,-96.52,1,0,0
25900.00,-96.05,-95.34,-96.05,1,0,0
26000.00,-93.94,-96.06,-93.94,1,0,0
26100.00,-98.22,-95.30,-98.22,1,0,0
26200.00,-96.29,-94.54,-96.29,1,0,0
26300.00,-97.68,-94.85,-97.68,1,0,0
26400.00,-100.13,-94.05,-100.13,1,0,0
26500.00,-98.22,-95.49,-98.22,1,0,0
26600.00,-94.47,-95.27,-94.47,1,0,0
26700.00,-94.09,-96.98,-94.09,1,0,0
26800.00,-96.91,-93.08,-96.91,1,0,0
26900.00,-94.83,-94.56,-94.83,1,0,0
27000.00,-96.41,-92.42,-96.41,1,0,0
27100.00,-98.49,-95.69,-98.49,1,0,0
27200.00,-98.33,-94.61,-98.33,1,0,0
27300.00,-98.62,-94.43,-98.62,1,0,0
27400.00,-96.60,-94.24,-96.60,1,0,0
27500.00,-97.54,-94.28,-97.54,1,0,0
27600.00,-96.93,-96.86,-96.93,1,0,0
27700.00,-97.81,-94.33,-97.81,1,0,0
27800.00,-98.89,-94.45,-98.89,1,0,0
27900.00,-99.43,-94.07,-99.43,1,0,0
28000.00,-98.57,-92.57,-98.57,1,0,0
28100.00,-99.40,-91.84,-99.40,1,0,0
28200.00,-97.05,-94.84,-97.05,1,0,0
28300.00,-97.98,-92.43,-97.98,1,1,0
28400.00,-96.58,-92.94,-92.94,2,0,1
28500.00,-99.16,-94.14,-94.14,2,0,0
28600.00,-97.82,-91.65,-91.65,2,0,0
28700.00,-98.93,-92.37,-92.37,2,0,0
28800.00,-100.05,-93.07,-93.07,2,0,0
28900.00,-97.37,-94.45,-94.45,2,0,0
29000.00,-100.97,-92.64,-92.64,2,0,0
29100.00,-100.87,-93.44,-93.44,2,0,0
29200.00,-100.47,-92.00,-92.00,2,0,0
29300.00,-100.96,-92.69,-92.69,2,0,0
29400.00,-99.21,-90.70,-90.70,2,0,0
29500.00,-99.46,-94.32,-94.32,2,0,0
29600.00,-99.43,-93.84,-93.84,2,0,0
29700.00,-101.16,-92.83,-92.83,2,0,0
29800.00,-101.65,-93.36,-93.36,2,0,0
29900.00,-98.08,-91.65,-91.65,2,0,0
30000.00,-101.28,-93.38,-93.38,2,0,0
30100.00,-98.39,-91.91,-91.91,2,0,0
30200.00,-99.59,-92.29,-92.29,2,0,0
30300.00,-99.42,-91.84,-91.84,2,0,0
30400.00,-99.19,-91.73,-91.73,2,0,0
30500.00,-99.53,-92.42,-92.42,2,0,0
30600.00,-102.03,-90.87,-90.87,2,0,0
30700.00,-100.36,-90.30,-90.30,2,0,0
30800.00,-98.73,-89.54,-89.54,2,0,0
30900.00,-100.14,-92.45,-92.45,2,0,0
31000.00,-101.45,-90.94,-90.94,2,0,0
31100.00,-97.35,-90.38,-90.38,2,0,0
31200.00,-102.23,-89.65,-89.65,2,0,0
31300.00,-100.16,-91.21,-91.21,2,0,0
31400.00,-100.53,-89.43,-89.43,2,0,0
31500.00,-99.70,-92.17,-92.17,2,0,0
31600.00,-99.90,-92.15,-92.15,2,0,0
31700.00,-100.06,-88.94,-88.94,2,0,0
31800.00,-103.20,-91.32,-91.32,2,0,0
31900.00,-102.23,-89.83,-89.83,2,0,0
32000.00,-102.38,-91.25,-91.25,2,0,0
32100.00,-102.36,-87.74,-87.74,2,0,0
32200.00,-103.12,-90.31,-90.31,2,0,0
32300.00,-103.71,-89.43,-89.43,2,0,0
32400.00,-101.52,-90.90,-90.90,2,0,0
32500.00,-103.29,-91.95,-91.95,2,0,0
32600.00,-102.84,-91.06,-91.06,2,0,0
32700.00,-103.25,-88.59,-88.59,2,0,0
32800.00,-103.05,-92.08,-92.08,2,0,0
32900.00,-105.68,-88.32,-88.32,2,0,0
33000.00,-103.56,-92.35,-92.35,2,0,0
33100.00,-103.79,-90.42,-90.42,2,0,0
33200.00,-101.02,-89.22,-89.22,2,0,0
33300.00,-103.24,-88.18,-88.18,2,0,0
33400.00,-103.25,-87.58,-87.58,2,0,0
33500.00,-102.26,-89.65,-89.65,2,0,0
33600.00,-103.40,-88.89,-88.89,2,0,0
33700.00,-105.20,-88.85,-88.85,2,0,0
33800.00,-104.31,-88.98,-88.98,2,0,0
33900.00,-104.98,-87.34,-87.34,2,0,0
34000.00,-100.73,-87.67,-87.67,2,0,0
34100.00,-103.90,-87.22,-87.22,2,0,0
34200.00,-105.32,-89.15,-89.15,2,0,0
34300.00,-104.95,-86.61,-86.61,2,0,0
34400.00,-105.25,-88.41,-88.41,2,0,0
34500.00,-102.68,-88.86,-88.86,2,0,0
34600.00,-102.49,-85.74,-85.74,2,0,0
34700.00,-104.58,-89.77,-89.77,2,0,0
34800.00,-103.91,-87.31,-87.31,2,0,0
34900.00,-105.47,-86.50,-86.50,2,0,0
35000.00,-101.59,-88.11,-88.11,2,0,0
35100.00,-104.89,-88.83,-88.83,2,0,0
35200.00,-104.20,-88.99,-88.99,2,0,0
35300.00,-105.63,-87.99,-87.99,2,0,0
35400.00,-106.26,-88.15,-88.15,2,0,0
35500.00,-104.60,-85.93,-85.93,2,0,0
35600.00,-106.16,-83.34,-83.34,2,0,0
35700.00,-102.26,-87.49,-87.49,2,0,0
35800.00,-103.45,-87.69,-87.69,2,0,0
35900.00,-104.93,-88.69,-88.69,2,0,0
36000.00,-104.73,-86.45,-86.45,2,0,0
36100.00,-103.92,-85.95,-85.95,2,0,0
36200.00,-103.17,-87.02,-87.02,2,0,0
36300.00,-106.45,-87.85,-87.85,2,0,0
36400.00,-103.82,-86.60,-86.60,2,0,0
36500.00,-108.05,-87.66,-87.66,2,0,0
36600.00,-106.88,-85.11,-85.11,2,0,0
36700.00,-106.70,-84.51,-84.51,2,0,0
36800.00,-107.34,-85.58,-85.58,2,0,0
36900.00,-106.66,-84.37,-84.37,2,0,0
37000.00,-106.14,-84.20,-84.20,2,0,0
37100.00,-107.92,-85.91,-85.91,2,0,0
37200.00,-108.42,-86.31,-86.31,2,0,0
37300.00,-108.55,-85.03,-85.03,2,0,0
37400.00,-108.54,-84.28,-84.28,2,0,0
37500.00,-104.85,-85.13,-85.13,2,0,0
37600.00,-106.98,-86.68,-86.68,2,0,0
37700.00,-104.57,-84.93,-84.93,2,0,0
37800.00,-105.44,-86.23,-86.23,2,0,0
37900.00,-104.94,-85.41,-85.41,2,0,0
38000.00,-106.81,-82.73,-82.73,2,0,0
38100.00,-108.03,-83.13,-83.13,2,0,0
38200.00,-106.62,-83.83,-83.83,2,0,0
38300.00,-109.09,-83.03,-83.03,2,0,0
38400.00,-108.76,-85.24,-85.24,2,0,0
38500.00,-108.69,-84.36,-84.36,2,0,0
38600.00,-106.76,-84.09,-84.09,2,0,0
38700.00,-107.81,-80.87,-80.87,2,0,0
38800.00,-107.68,-83.54,-83.54,2,0,0
38900.00,-108.20,-83.81,-83.81,2,0,0
39000.00,-107.25,-84.14,-84.14,2,0,0
39100.00,-110.18,-85.90,-85.90,2,0,0
39200.00,-108.78,-82.21,-82.21,2,0,0
39300.00,-107.40,-82.45,-82.45,2,0,0
39400.00,-108.25,-81.54,-81.54,2,0,0
39500.00,-108.61,-85.82,-85.82,2,0,0
39600.00,-110.51,-85.30,-85.30,2,0,0
39700.00,-106.18,-82.90,-82.90,2,0,0
39800.00,-109.74,-82.98,-82.98,2,0,0
39900.00,-110.86,-84.16,-84.16,2,0,0
40000.00,-111.60,-80.50,-80.50,2,0,0
40100.00,-108.19,-83.63,-83.63,2,0,0
40200.00,-109.74,-84.08,-84.08,2,0,0
40300.00,-108.84,-82.35,-82.35,2,0,0
40400.00,-110.80,-82.98,-82.98,2,0,0
40500.00,-106.28,-81.62,-81.62,2,0,0
40600.00,-110.12,-81.36,-81.36,2,0,0
40700.00,-106.35,-81.52,-81.52,2,0,0
40800.00,-110.83,-83.66,-83.66,2,0,0
40900.00,-109.67,-81.10,-81.10,2,0,0
41000.00,-111.62,-82.16,-82.16,2,0,0
41100.00,-108.47,-81.31,-81.31,2,0,0
41200.00,-110.14,-83.62,-83.62,2,0,0
41300.00,-108.93,-80.01,-80.01,2,0,0
41400.00,-110.60,-82.15,-82.15,2,0,0
41500.00,-110.67,-82.07,-82.07,2,0,0
41600.00,-112.34,-80.41,-80.41,2,0,0
41700.00,-109.02,-78.62,-78.62,2,0,0
41800.00,-108.81,-81.98,-81.98,2,0,0
41900.00,-109.99,-79.57,-79.57,2,0,0
42000.00,-108.97,-82.09,-82.09,2,0,0
42100.00,-108.96,-80.15,-80.15,2,0,0
42200.00,-112.65,-80.45,-80.45,2,0,0
42300.00,-109.35,-80.73,-80.73,2,0,0
42400.00,-111.00,-80.66,-80.66,2,0,0
42500.00,-107.54,-81.62,-81.62,2,0,0
42600.00,-109.36,-79.70,-79.70,2,0,0
42700.00,-109.94,-82.79,-82.79,2,0,0
42800.00,-111.58,-79.11,-79.11,2,0,0
42900.00,-113.60,-80.51,-80.51,2,0,0
43000.00,-110.34,-79.20,-79.20,2,0,0
43100.00,-113.97,-80.16,-80.16,2,0,0
43200.00,-109.58,-79.78,-79.78,2,0,0
43300.00,-113.00,-79.41,-79.41,2,0,0
43400.00,-113.71,-80.04,-80.04,2,0,0
43500.00,-110.57,-80.00,-80.00,2,0,0
43600.00,-113.73,-80.26,-80.26,2,0,0
43700.00,-113.88,-81.82,-81.82,2,0,0
43800.00,-110.95,-78.73,-78.73,2,0,0
43900.00,-112.51,-81.08,-81.08,2,0,0
44000.00,-113.19,-80.37,-80.37,2,0,0
44100.00,-112.04,-79.10,-79.10,2,0,0
44200.00,-111.02,-80.80,-80.80,2,0,0
44300.00,-113.27,-79.18,-79.18,2,0,0
44400.00,-112.27,-79.64,-79.64,2,0,0
44500.00,-115.05,-81.84,-81.84,2,0,0
44600.00,-113.84,-82.67,-82.67,2,0,0
44700.00,-110.89,-80.38,-80.38,2,0,0
44800.00,-112.55,-80.32,-80.32,2,0,0
44900.00,-113.77,-81.33,-81.33,2,0,0
45000.00,-116.64,-80.56,-80.56,2,0,0
45100.00,-111.46,-80.33,-80.33,2,0,0
45200.00,-111.66,-79.46,-79.46,2,0,0
45300.00,-114.37,-80.97,-80.97,2,0,0
45400.00,-111.93,-79.67,-79.67,2,0,0
45500.00,-113.63,-78.75,-78.75,2,0,0
45600.00,-115.27,-78.75,-78.75,2,0,0
45700.00,-114.57,-80.66,-80.66,2,0,0
45800.00,-115.73,-81.54,-81.54,2,0,0
45900.00,-114.83,-82.19,-82.19,2,0,0
46000.00,-114.23,-79.14,-79.14,2,0,0
46100.00,-116.75,-79.25,-79.25,2,0,0
46200.00,-113.68,-79.77,-79.77,2,0,0
46300.00,-115.07,-79.86,-79.86,2,0,0
46400.00,-114.28,-78.12,-78.12,2,0,0
46500.00,-114.15,-80.42,-80.42,2,0,0
46600.00,-116.88,-80.04,-80.04,2,0,0
46700.00,-114.35,-79.47,-79.47,2,0,0
46800.00,-115.22,-79.82,-79.82,2,0,0
46900.00,-115.60,-79.18,-79.18,2,0,0
47000.00,-115.99,-77.96,-77.96,2,0,0
47100.00,-115.02,-81.45,-81.45,2,0,0
47200.00,-116.42,-79.70,-79.70,2,0,0
47300.00,-116.51,-81.55,-81.55,2,0,0
47400.00,-116.27,-79.88,-79.88,2,0,0
47500.00,-117.47,-78.54,-78.54,2,0,0
47600.00,-114.92,-80.80,-80.80,2,0,0
47700.00,-115.92,-78.35,-78.35,2,0,0
47800.00,-116.34,-79.80,-79.80,2,0,0
47900.00,-116.29,-78.99,-78.99,2,0,0
48000.00,-116.40,-81.79,-81.79,2,0,0
48100.00,-116.45,-82.62,-82.62,2,0,0
48200.00,-116.78,-78.76,-78.76,2,0,0
48300.00,-115.50,-78.40,-78.40,2,0,0
48400.00,-117.30,-78.23,-78.23,2,0,0
48500.00,-115.89,-79.89,-79.89,2,0,0
48600.00,-115.18,-78.53,-78.53,2,0,0
48700.00,-116.57,-80.27,-80.27,2,0,0
48800.00,-116.13,-80.32,-80.32,2,0,0
48900.00,-118.19,-80.56,-80.56,2,0,0
49000.00,-117.63,-80.51,-80.51,2,0,0
49100.00,-117.17,-80.77,-80.77,2,0,0
49200.00,-115.23,-79.82,-79.82,2,0,0
49300.00,-115.86,-78.06,-78.06,2,0,0
49400.00,-117.61,-82.65,-82.65,2,0,0
49500.00,-117.76,-80.14,-80.14,2,0,0
49600.00,-117.92,-79.81,-79.81,2,0,0
49700.00,-119.02,-77.29,-77.29,2,0,0
49800.00,-121.74,-78.85,-78.85,2,0,0
49900.00,-119.62,-78.10,-78.10,2,0,0
50000.00,-117.70,-76.73,-76.73,2,0,0
50100.00,-117.19,-78.29,-78.29,2,0,0
50200.00,-117.60,-80.91,-80.91,2,0,0
50300.00,-118.06,-79.65,-79.65,2,0,0
50400.00,-119.66,-79.32,-79.32,2,0,0
50500.00,-116.41,-79.16,-79.16,2,0,0
50600.00,-119.05,-80.26,-80.26,2,0,0
50700.00,-118.57,-79.89,-79.89,2,0,0
50800.00,-118.69,-78.56,-78.56,2,0,0
50900.00,-120.44,-80.96,-80.96,2,0,0
51000.00,-117.85,-79.50,-79.50,2,0,0
51100.00,-116.62,-80.68,-80.68,2,0,0
51200.00,-116.67,-81.13,-81.13,2,0,0
51300.00,-117.13,-79.60,-79.60,2,0,0
51400.00,-117.65,-81.79,-81.79,2,0,0
51500.00,-118.92,-78.02,-78.02,2,0,0
51600.00,-118.28,-81.32,-81.32,2,0,0
51700.00,-121.40,-83.12,-83.12,2,0,0
51800.00,-120.80,-78.07,-78.07,2,0,0
51900.00,-120.59,-78.32,-78.32,2,0,0
52000.00,-120.35,-79.43,-79.43,2,0,0
52100.00,-120.22,-81.70,-81.70,2,0,0
52200.00,-118.55,-80.47,-80.47,2,0,0
52300.00,-120.30,-81.83,-81.83,2,0,0
52400.00,-122.00,-78.75,-78.75,2,0,0
52500.00,-118.75,-79.81,-79.81,2,0,0
52600.00,-120.22,-80.55,-80.55,2,0,0
52700.00,-121.09,-81.42,-81.42,2,0,0
52800.00,-119.12,-79.69,-79.69,2,0,0
52900.00,-119.63,-79.56,-79.56,2,0,0
53000.00,-123.16,-79.30,-79.30,2,0,0
53100.00,-119.31,-79.61,-79.61,2,0,0
53200.00,-120.76,-80.58,-80.58,2,0,0
53300.00,-119.95,-80.83,-80.83,2,0,0
53400.00,-122.39,-80.81,-80.81,2,0,0
53500.00,-121.27,-81.15,-81.15,2,0,0
53600.00,-123.03,-84.54,-84.54,2,0,0
53700.00,-121.06,-78.98,-78.98,2,0,0
53800.00,-120.40,-78.11,-78.11,2,0,0
53900.00,-120.57,-79.14,-79.14,2,0,0
54000.00,-122.05,-81.43,-81.43,2,0,0
54100.00,-122.09,-79.25,-79.25,2,0,0
54200.00,-122.59,-80.99,-80.99,2,0,0
54300.00,-123.40,-78.26,-78.26,2,0,0
54400.00,-122.77,-82.15,-82.15,2,0,0
54500.00,-121.44,-78.81,-78.81,2,0,0
54600.00,-121.74,-81.41,-81.41,2,0,0
54700.00,-120.55,-81.41,-81.41,2,0,0
54800.00,-120.91,-82.26,-82.26,2,0,0
54900.00,-122.51,-82.15,-82.15,2,0,0
55000.00,-122.41,-79.27,-79.27,2,0,0
55100.00,-122.42,-76.32,-76.32,2,0,0
55200.00,-122.09,-80.51,-80.51,2,0,0
55300.00,-120.53,-78.50,-78.50,2,0,0
55400.00,-119.86,-78.91,-78.91,2,0,0
55500.00,-122.44,-81.57,-81.57,2,0,0
55600.00,-121.17,-80.56,-80.56,2,0,0
55700.00,-122.01,-80.57,-80.57,2,0,0
55800.00,-119.50,-81.24,-81.24,2,0,0
55900.00,-124.09,-78.19,-78.19,2,0,0
56000.00,-122.83,-80.12,-80.12,2,0,0
56100.00,-121.64,-80.32,-80.32,2,0,0
56200.00,-123.96,-79.01,-79.01,2,0,0
56300.00,-122.92,-77.97,-77.97,2,0,0
56400.00,-123.65,-81.95,-81.95,2,0,0
56500.00,-123.38,-77.97,-77.97,2,0,0
56600.00,-124.30,-79.38,-79.38,2,0,0
56700.00,-122.78,-80.50,-80.50,2,0,0
56800.00,-125.35,-80.41,-80.41,2,0,0
56900.00,-123.64,-79.03,-79.03,2,0,0
57000.00,-122.77,-83.21,-83.21,2,0,0
57100.00,-124.30,-79.51,-79.51,2,0,0
57200.00,-125.52,-79.82,-79.82,2,0,0
57300.00,-126.05,-79.63,-79.63,2,0,0
57400.00,-124.56,-80.18,-80.18,2,0,0
57500.00,-124.67,-80.35,-80.35,2,0,0
57600.00,-123.91,-81.25,-81.25,2,0,0
57700.00,-122.90,-81.00,-81.00,2,0,0
57800.00,-126.80,-77.40,-77.40,2,0,0
57900.00,-125.13,-81.70,-81.70,2,0,0
58000.00,-125.28,-79.07,-79.07,2,0,0
58100.00,-124.24,-80.20,-80.20,2,0,0
58200.00,-126.07,-82.31,-82.31,2,0,0
58300.00,-127.03,-79.04,-79.04,2,0,0
58400.00,-127.60,-81.24,-81.24,2,0,0
58500.00,-123.47,-78.91,-78.91,2,0,0
58600.00,-126.40,-80.88,-80.88,2,0,0
58700.00,-126.38,-82.53,-82.53,2,0,0
58800.00,-127.82,-80.45,-80.45,2,0,0
58900.00,-123.51,-82.87,-82.87,2,0,0
59000.00,-127.35,-79.99,-79.99,2,0,0
59100.00,-126.97,-77.01,-77.01,2,0,0
59200.00,-123.99,-78.64,-78.64,2,0,0
59300.00,-128.09,-79.24,-79.24,2,0,0
59400.00,-127.53,-81.49,-81.49,2,0,0
59500.00,-128.12,-78.78,-78.78,2,0,0
59600.00,-126.15,-80.61,-80.61,2,0,0
59700.00,-126.04,-79.22,-79.22,2,0,0
59800.00,-125.99,-80.46,-80.46,2,0,0
59900.00,-126.53,-82.09,-82.09,2,0,0
60000.00,-128.78,-78.55,-78.55,2,0,0
